UserID,Treat,Retention
1,control,0
2,control,0
3,treatment,0
4,treatment,0
5,control,0
6,control,0
7,control,0
8,control,0
9,treatment,0
10,control,0
11,control,0
12,treatment,0
13,control,0
14,treatment,0
15,control,0
16,treatment,0
17,treatment,0
18,treatment,0
19,control,0
20,control,0
21,control,0
22,control,0
23,control,0
24,control,0
25,control,0
26,control,0
27,treatment,0
28,treatment,0
29,treatment,0
30,treatment,0
31,control,0
32,control,0
33,treatment,0
34,control,0
35,control,0
36,treatment,0
37,treatment,0
38,treatment,0
39,treatment,0
40,treatment,0
41,control,0
42,treatment,0
43,treatment,0
44,control,0
45,control,0
46,control,0
47,control,0
48,treatment,0
49,control,0
50,treatment,0
51,control,0
52,treatment,0
53,control,0
54,control,0
55,control,0
56,control,0
57,treatment,0
58,control,0
59,control,0
60,control,0
61,treatment,0
62,control,0
63,treatment,0
64,treatment,0
65,treatment,0
66,treatment,0
67,control,0
68,treatment,0
69,treatment,0
70,treatment,0
71,treatment,0
72,treatment,0
73,control,0
74,treatment,0
75,treatment,0
76,control,0
77,treatment,0
78,treatment,0
79,control,0
80,treatment,0
81,treatment,0
82,control,0
83,treatment,0
84,control,0
85,control,0
86,treatment,0
87,control,0
88,control,1
89,treatment,0
90,treatment,1
91,treatment,0
92,control,0
93,treatment,0
94,control,0
95,control,1
96,treatment,0
97,control,0
98,control,0
99,control,0
100,control,0
101,treatment,1
102,treatment,0
103,treatment,0
104,control,0
105,treatment,0
106,control,0
107,control,0
108,control,0
109,control,0
110,treatment,0
111,treatment,0
112,control,0
113,treatment,0
114,treatment,0
115,control,0
116,control,0
117,control,0
118,treatment,0
119,treatment,0
120,control,0
121,treatment,0
122,treatment,1
123,control,0
124,treatment,0
125,control,0
126,control,0
127,control,0
128,treatment,0
129,control,0
130,control,0
131,treatment,0
132,control,0
133,control,0
134,treatment,0
135,treatment,0
136,control,0
137,treatment,1
138,control,0
139,treatment,0
140,treatment,0
141,treatment,0
142,control,0
143,treatment,0
144,treatment,0
145,treatment,1
146,treatment,0
147,treatment,0
148,treatment,0
149,control,0
150,control,0
151,control,0
152,treatment,1
153,treatment,0
154,control,0
155,control,0
156,treatment,1
157,treatment,0
158,control,0
159,treatment,0
160,treatment,0
161,treatment,0
162,treatment,0
163,treatment,0
164,control,0
165,control,0
166,treatment,0
167,control,0
168,control,0
169,treatment,0
170,treatment,0
171,control,0
172,control,0
173,treatment,0
174,treatment,0
175,control,0
176,treatment,0
177,treatment,0
178,control,0
179,control,0
180,treatment,0
181,control,0
182,control,0
183,treatment,0
184,treatment,0
185,treatment,0
186,treatment,0
187,control,0
188,control,0
189,control,0
190,treatment,0
191,treatment,0
192,control,0
193,treatment,0
194,control,0
195,treatment,0
196,control,0
197,control,0
198,control,0
199,treatment,0
200,control,0
201,treatment,0
202,treatment,0
203,control,0
204,control,0
205,control,0
206,treatment,0
207,control,0
208,control,0
209,treatment,0
210,treatment,1
211,control,0
212,treatment,0
213,control,0
214,treatment,0
215,treatment,0
216,treatment,0
217,treatment,0
218,control,0
219,control,0
220,control,0
221,control,0
222,control,0
223,control,0
224,control,0
225,treatment,0
226,control,0
227,control,0
228,control,0
229,control,0
230,treatment,0
231,treatment,0
232,treatment,0
233,treatment,0
234,treatment,0
235,control,0
236,control,0
237,treatment,0
238,control,0
239,control,0
240,control,0
241,treatment,0
242,treatment,0
243,treatment,0
244,treatment,0
245,control,0
246,control,0
247,control,0
248,treatment,0
249,control,0
250,control,0
251,control,0
252,control,0
253,control,0
254,control,0
255,treatment,0
256,control,0
257,control,0
258,control,0
259,treatment,0
260,treatment,0
261,control,0
262,treatment,0
263,control,0
264,control,0
265,treatment,0
266,treatment,0
267,control,0
268,treatment,1
269,control,0
270,control,0
271,control,0
272,control,0
273,treatment,0
274,control,0
275,control,0
276,treatment,0
277,control,0
278,treatment,0
279,treatment,0
280,control,0
281,treatment,0
282,treatment,0
283,control,1
284,treatment,0
285,control,0
286,treatment,0
287,treatment,0
288,treatment,0
289,treatment,0
290,control,0
291,control,0
292,control,0
293,treatment,0
294,treatment,0
295,control,0
296,control,0
297,control,0
298,treatment,0
299,control,0
300,control,1
301,treatment,0
302,control,0
303,control,0
304,control,0
305,treatment,0
306,treatment,1
307,control,0
308,control,0
309,control,1
310,control,0
311,treatment,0
312,control,1
313,control,0
314,control,0
315,control,0
316,control,0
317,control,0
318,treatment,0
319,control,0
320,control,0
321,treatment,0
322,treatment,0
323,control,1
324,treatment,0
325,control,0
326,control,0
327,control,0
328,control,0
329,treatment,0
330,treatment,1
331,control,0
332,treatment,1
333,treatment,0
334,control,0
335,treatment,0
336,treatment,0
337,treatment,0
338,treatment,0
339,treatment,0
340,treatment,0
341,control,0
342,control,0
343,treatment,0
344,control,0
345,treatment,0
346,treatment,0
347,treatment,0
348,treatment,0
349,treatment,0
350,treatment,0
351,treatment,0
352,treatment,0
353,treatment,0
354,control,0
355,treatment,0
356,control,0
357,treatment,0
358,control,1
359,treatment,0
360,control,0
361,control,0
362,treatment,0
363,control,0
364,treatment,0
365,control,0
366,treatment,1
367,treatment,0
368,control,0
369,treatment,0
370,treatment,1
371,control,0
372,control,0
373,treatment,0
374,treatment,0
375,treatment,0
376,treatment,0
377,control,0
378,treatment,0
379,control,0
380,control,0
381,treatment,0
382,control,0
383,treatment,0
384,treatment,0
385,treatment,0
386,treatment,0
387,control,0
388,control,0
389,treatment,0
390,control,0
391,treatment,0
392,treatment,0
393,control,0
394,control,0
395,control,0
396,control,0
397,control,0
398,treatment,0
399,treatment,0
400,control,0
401,treatment,0
402,treatment,0
403,treatment,0
404,control,0
405,treatment,0
406,control,0
407,treatment,0
408,treatment,0
409,treatment,0
410,control,0
411,control,0
412,treatment,0
413,control,0
414,treatment,0
415,treatment,0
416,treatment,1
417,control,0
418,treatment,0
419,treatment,0
420,control,0
421,control,0
422,treatment,0
423,control,0
424,treatment,0
425,control,0
426,treatment,0
427,control,0
428,treatment,0
429,treatment,0
430,treatment,0
431,treatment,0
432,control,0
433,control,1
434,control,0
435,treatment,0
436,control,0
437,control,0
438,control,0
439,treatment,0
440,treatment,0
441,treatment,0
442,control,0
443,treatment,0
444,treatment,0
445,treatment,0
446,treatment,0
447,treatment,0
448,control,0
449,control,0
450,control,0
451,treatment,0
452,control,0
453,treatment,0
454,control,0
455,treatment,0
456,control,0
457,treatment,0
458,treatment,1
459,control,0
460,treatment,0
461,control,0
462,control,0
463,treatment,0
464,treatment,0
465,treatment,0
466,treatment,0
467,control,0
468,control,0
469,control,0
470,treatment,0
471,treatment,0
472,control,0
473,control,0
474,control,0
475,control,0
476,control,0
477,control,0
478,control,0
479,treatment,0
480,treatment,1
481,control,0
482,control,0
483,control,0
484,control,0
485,control,0
486,treatment,0
487,control,0
488,control,0
489,control,0
490,treatment,0
491,control,0
492,control,0
493,control,0
494,control,0
495,control,0
496,treatment,0
497,control,0
498,control,0
499,treatment,0
500,control,0
501,treatment,0
502,control,0
503,control,0
504,control,0
505,control,0
506,treatment,0
507,treatment,0
508,treatment,0
509,control,0
510,control,0
511,treatment,0
512,control,0
513,control,1
514,control,0
515,control,0
516,control,0
517,treatment,0
518,control,0
519,control,0
520,treatment,1
521,treatment,0
522,treatment,0
523,control,0
524,treatment,0
525,treatment,0
526,treatment,0
527,control,0
528,control,0
529,control,0
530,control,0
531,control,0
532,control,0
533,treatment,0
534,treatment,0
535,control,0
536,control,0
537,control,0
538,treatment,1
539,control,0
540,treatment,0
541,treatment,0
542,control,0
543,control,0
544,control,0
545,control,0
546,control,0
547,control,0
548,control,0
549,treatment,0
550,control,0
551,treatment,0
552,treatment,0
553,treatment,0
554,control,0
555,control,1
556,control,0
557,treatment,0
558,treatment,0
559,treatment,0
560,treatment,0
561,treatment,0
562,control,0
563,treatment,0
564,treatment,0
565,treatment,0
566,control,0
567,treatment,0
568,treatment,1
569,control,0
570,control,0
571,treatment,0
572,treatment,0
573,treatment,0
574,treatment,0
575,control,0
576,control,0
577,control,1
578,treatment,0
579,control,0
580,control,0
581,treatment,0
582,treatment,0
583,control,0
584,control,0
585,treatment,0
586,treatment,0
587,control,0
588,treatment,0
589,treatment,0
590,control,0
591,control,0
592,treatment,0
593,treatment,0
594,treatment,0
595,control,0
596,treatment,0
597,treatment,0
598,treatment,0
599,treatment,0
600,treatment,0
601,control,0
602,treatment,0
603,control,0
604,treatment,0
605,control,0
606,control,0
607,treatment,0
608,treatment,0
609,treatment,0
610,treatment,0
611,control,0
612,control,0
613,treatment,0
614,treatment,0
615,control,0
616,treatment,0
617,treatment,0
618,treatment,1
619,treatment,0
620,treatment,0
621,control,0
622,treatment,0
623,control,0
624,treatment,0
625,control,0
626,treatment,0
627,control,0
628,control,0
629,control,0
630,treatment,0
631,treatment,0
632,control,0
633,treatment,0
634,treatment,0
635,control,0
636,treatment,0
637,control,0
638,treatment,0
639,treatment,0
640,control,0
641,treatment,0
642,treatment,0
643,control,0
644,control,0
645,treatment,0
646,treatment,0
647,treatment,0
648,treatment,0
649,control,0
650,control,0
651,treatment,0
652,treatment,0
653,treatment,0
654,control,0
655,treatment,0
656,control,0
657,control,0
658,control,0
659,treatment,0
660,control,0
661,treatment,0
662,treatment,1
663,treatment,0
664,control,0
665,control,0
666,control,0
667,control,0
668,treatment,0
669,control,0
670,control,0
671,control,0
672,control,0
673,control,0
674,control,0
675,treatment,0
676,control,0
677,treatment,0
678,treatment,0
679,control,0
680,treatment,0
681,control,0
682,treatment,0
683,treatment,0
684,control,0
685,control,0
686,treatment,0
687,treatment,0
688,treatment,1
689,control,1
690,treatment,0
691,treatment,0
692,treatment,0
693,treatment,0
694,treatment,0
695,control,0
696,treatment,0
697,treatment,0
698,treatment,0
699,control,0
700,treatment,0
701,control,0
702,control,1
703,control,0
704,control,0
705,control,0
706,control,0
707,treatment,0
708,control,0
709,treatment,0
710,treatment,0
711,control,0
712,control,0
713,control,0
714,control,0
715,treatment,0
716,treatment,0
717,control,0
718,control,0
719,control,0
720,treatment,0
721,treatment,0
722,control,0
723,control,0
724,treatment,0
725,treatment,1
726,treatment,0
727,treatment,0
728,treatment,0
729,treatment,0
730,treatment,0
731,treatment,0
732,control,0
733,control,0
734,control,0
735,treatment,0
736,control,0
737,control,0
738,control,0
739,control,0
740,control,0
741,treatment,0
742,treatment,0
743,treatment,0
744,treatment,0
745,control,0
746,treatment,0
747,control,0
748,control,0
749,control,0
750,control,0
751,control,0
752,control,0
753,control,0
754,treatment,0
755,treatment,0
756,control,0
757,control,0
758,treatment,1
759,treatment,0
760,treatment,0
761,treatment,0
762,treatment,0
763,treatment,0
764,control,0
765,treatment,0
766,control,0
767,control,0
768,control,1
769,treatment,0
770,control,0
771,control,0
772,control,0
773,treatment,1
774,treatment,0
775,control,1
776,control,0
777,treatment,0
778,control,0
779,treatment,0
780,control,0
781,control,1
782,treatment,0
783,treatment,0
784,treatment,0
785,treatment,0
786,treatment,1
787,control,0
788,treatment,0
789,control,0
790,treatment,0
791,treatment,0
792,treatment,0
793,control,0
794,control,0
795,control,0
796,control,0
797,control,0
798,control,0
799,control,0
800,treatment,1
801,control,0
802,control,0
803,control,0
804,control,0
805,control,0
806,treatment,0
807,treatment,0
808,treatment,0
809,control,0
810,control,0
811,control,0
812,treatment,0
813,control,0
814,treatment,0
815,control,0
816,control,0
817,control,1
818,treatment,0
819,control,0
820,control,0
821,control,0
822,control,0
823,control,0
824,control,0
825,treatment,0
826,treatment,0
827,control,0
828,treatment,0
829,treatment,0
830,treatment,0
831,control,0
832,treatment,0
833,treatment,0
834,treatment,0
835,control,0
836,control,0
837,control,0
838,treatment,0
839,treatment,0
840,control,0
841,treatment,0
842,control,0
843,control,0
844,treatment,0
845,treatment,0
846,control,0
847,control,0
848,control,0
849,treatment,0
850,control,0
851,control,0
852,control,0
853,treatment,0
854,treatment,0
855,treatment,0
856,control,0
857,treatment,0
858,control,0
859,treatment,0
860,treatment,0
861,control,0
862,treatment,0
863,control,0
864,control,0
865,control,0
866,control,0
867,control,0
868,control,0
869,treatment,0
870,control,0
871,treatment,0
872,control,0
873,treatment,0
874,treatment,0
875,treatment,0
876,treatment,0
877,treatment,0
878,control,0
879,control,0
880,control,0
881,control,0
882,treatment,0
883,treatment,0
884,control,0
885,control,0
886,control,0
887,treatment,0
888,treatment,0
889,treatment,0
890,control,0
891,control,0
892,treatment,0
893,treatment,0
894,control,0
895,control,0
896,treatment,1
897,treatment,0
898,treatment,0
899,treatment,0
900,treatment,0
901,control,0
902,treatment,0
903,treatment,0
904,treatment,0
905,treatment,1
906,treatment,0
907,control,0
908,treatment,1
909,control,0
910,control,0
911,control,0
912,control,0
913,treatment,0
914,control,0
915,treatment,0
916,treatment,0
917,treatment,0
918,control,0
919,treatment,0
920,treatment,0
921,control,0
922,treatment,0
923,treatment,0
924,treatment,0
925,treatment,0
926,treatment,0
927,control,0
928,treatment,0
929,treatment,1
930,control,0
931,control,0
932,control,0
933,treatment,0
934,treatment,0
935,treatment,0
936,treatment,0
937,control,0
938,treatment,1
939,treatment,0
940,treatment,0
941,treatment,0
942,control,0
943,control,0
944,treatment,0
945,treatment,0
946,treatment,0
947,control,0
948,treatment,0
949,control,0
950,control,1
951,treatment,1
952,control,0
953,control,0
954,treatment,0
955,control,0
956,control,0
957,treatment,0
958,control,0
959,control,0
960,control,0
961,control,0
962,control,0
963,treatment,0
964,control,0
965,treatment,0
966,control,0
967,control,0
968,control,0
969,treatment,0
970,treatment,0
971,control,0
972,control,0
973,control,0
974,treatment,0
975,control,0
976,treatment,0
977,control,0
978,control,0
979,treatment,1
980,treatment,0
981,control,1
982,control,0
983,treatment,0
984,treatment,0
985,control,0
986,control,0
987,control,0
988,treatment,0
989,control,0
990,control,0
991,treatment,1
992,treatment,0
993,control,0
994,control,0
995,control,0
996,treatment,0
997,treatment,0
998,treatment,0
999,treatment,0
1000,control,0
1001,treatment,0
1002,treatment,0
1003,control,0
1004,control,0
1005,treatment,0
1006,control,0
1007,control,0
1008,treatment,0
1009,treatment,0
1010,control,0
1011,treatment,0
1012,control,0
1013,control,0
1014,control,1
1015,treatment,0
1016,control,1
1017,treatment,0
1018,treatment,0
1019,treatment,0
1020,control,0
1021,treatment,0
1022,treatment,0
1023,control,0
1024,treatment,0
1025,treatment,0
1026,treatment,0
1027,treatment,0
1028,control,0
1029,treatment,0
1030,control,0
1031,treatment,0
1032,control,0
1033,treatment,0
1034,treatment,0
1035,treatment,0
1036,treatment,0
1037,treatment,0
1038,treatment,0
1039,treatment,0
1040,treatment,0
1041,treatment,0
1042,control,0
1043,control,0
1044,control,0
1045,treatment,0
1046,control,0
1047,control,0
1048,treatment,0
1049,treatment,0
1050,control,0
1051,control,0
1052,treatment,0
1053,treatment,0
1054,control,0
1055,treatment,0
1056,treatment,0
1057,control,0
1058,treatment,0
1059,treatment,0
1060,treatment,0
1061,control,0
1062,control,0
1063,treatment,0
1064,control,0
1065,treatment,0
1066,control,0
1067,treatment,1
1068,control,0
1069,control,0
1070,control,0
1071,treatment,0
1072,treatment,0
1073,treatment,0
1074,treatment,0
1075,treatment,0
1076,control,0
1077,control,0
1078,control,0
1079,treatment,0
1080,treatment,0
1081,treatment,0
1082,treatment,0
1083,control,0
1084,treatment,0
1085,treatment,0
1086,treatment,0
1087,treatment,0
1088,treatment,0
1089,treatment,0
1090,control,0
1091,control,0
1092,control,0
1093,treatment,0
1094,treatment,0
1095,control,0
1096,treatment,0
1097,treatment,0
1098,control,0
1099,control,0
1100,treatment,0
1101,treatment,0
1102,control,0
1103,control,0
1104,control,0
1105,treatment,0
1106,control,0
1107,control,0
1108,treatment,0
1109,treatment,0
1110,treatment,0
1111,treatment,0
1112,treatment,0
1113,control,0
1114,treatment,0
1115,control,0
1116,treatment,0
1117,control,0
1118,treatment,0
1119,control,0
1120,treatment,1
1121,control,0
1122,treatment,0
1123,treatment,0
1124,treatment,0
1125,treatment,1
1126,control,0
1127,control,0
1128,control,0
1129,control,0
1130,treatment,0
1131,control,0
1132,treatment,0
1133,control,0
1134,control,0
1135,control,0
1136,control,0
1137,control,0
1138,control,0
1139,treatment,0
1140,treatment,0
1141,treatment,0
1142,treatment,0
1143,control,0
1144,control,0
1145,treatment,0
1146,treatment,0
1147,treatment,0
1148,treatment,0
1149,control,0
1150,control,0
1151,treatment,0
1152,treatment,0
1153,control,0
1154,treatment,1
1155,treatment,0
1156,treatment,0
1157,treatment,0
1158,treatment,0
1159,treatment,0
1160,control,0
1161,control,0
1162,control,0
1163,control,0
1164,treatment,0
1165,control,0
1166,control,0
1167,control,0
1168,treatment,0
1169,control,0
1170,control,0
1171,control,0
1172,control,0
1173,control,0
1174,control,0
1175,control,0
1176,treatment,0
1177,treatment,0
1178,control,0
1179,treatment,1
1180,treatment,0
1181,treatment,0
1182,control,0
1183,treatment,0
1184,treatment,0
1185,treatment,0
1186,treatment,0
1187,treatment,1
1188,control,0
1189,control,0
1190,treatment,0
1191,control,0
1192,control,0
1193,control,0
1194,control,0
1195,treatment,0
1196,control,0
1197,treatment,0
1198,treatment,0
1199,treatment,0
1200,treatment,1
1201,control,1
1202,control,0
1203,treatment,0
1204,control,0
1205,control,0
1206,control,0
1207,treatment,0
1208,control,0
1209,treatment,1
1210,treatment,0
1211,treatment,0
1212,control,0
1213,treatment,0
1214,treatment,0
1215,control,0
1216,treatment,0
1217,treatment,0
1218,treatment,0
1219,control,0
1220,treatment,0
1221,treatment,0
1222,control,0
1223,treatment,0
1224,control,0
1225,control,0
1226,control,0
1227,control,0
1228,treatment,0
1229,control,0
1230,control,0
1231,control,0
1232,treatment,0
1233,treatment,0
1234,control,0
1235,control,0
1236,control,0
1237,treatment,0
1238,control,0
1239,treatment,0
1240,treatment,0
1241,control,0
1242,control,0
1243,control,0
1244,treatment,0
1245,treatment,0
1246,control,0
1247,treatment,0
1248,control,0
1249,treatment,0
1250,treatment,0
1251,control,0
1252,treatment,0
1253,control,0
1254,control,0
1255,treatment,0
1256,treatment,0
1257,control,0
1258,control,0
1259,control,0
1260,control,0
1261,treatment,0
1262,control,0
1263,control,0
1264,treatment,0
1265,control,0
1266,treatment,0
1267,control,0
1268,control,0
1269,treatment,0
1270,control,0
1271,treatment,0
1272,treatment,1
1273,treatment,0
1274,treatment,0
1275,treatment,0
1276,treatment,0
1277,control,0
1278,treatment,0
1279,control,0
1280,control,0
1281,control,0
1282,treatment,0
1283,control,0
1284,control,0
1285,treatment,0
1286,treatment,0
1287,control,0
1288,treatment,0
1289,control,0
1290,control,0
1291,control,0
1292,treatment,0
1293,treatment,0
1294,treatment,0
1295,treatment,0
1296,treatment,0
1297,treatment,0
1298,treatment,0
1299,control,0
1300,control,0
1301,control,0
1302,treatment,0
1303,treatment,0
1304,control,0
1305,control,0
1306,treatment,0
1307,treatment,0
1308,treatment,0
1309,treatment,0
1310,treatment,0
1311,control,0
1312,control,0
1313,control,0
1314,treatment,0
1315,treatment,0
1316,treatment,0
1317,treatment,0
1318,treatment,0
1319,control,0
1320,control,0
1321,treatment,0
1322,treatment,0
1323,treatment,0
1324,control,0
1325,treatment,0
1326,control,0
1327,control,0
1328,control,0
1329,treatment,0
1330,treatment,0
1331,control,0
1332,control,0
1333,control,0
1334,treatment,0
1335,treatment,0
1336,control,0
1337,control,0
1338,control,0
1339,treatment,0
1340,treatment,1
1341,control,0
1342,treatment,0
1343,control,1
1344,treatment,0
1345,treatment,0
1346,control,0
1347,control,0
1348,control,0
1349,treatment,0
1350,treatment,1
1351,treatment,0
1352,control,0
1353,treatment,1
1354,control,0
1355,treatment,0
1356,control,0
1357,control,0
1358,treatment,0
1359,treatment,0
1360,treatment,0
1361,treatment,0
1362,treatment,0
1363,treatment,0
1364,control,0
1365,control,0
1366,control,0
1367,treatment,0
1368,treatment,0
1369,treatment,0
1370,control,0
1371,treatment,0
1372,control,0
1373,control,0
1374,treatment,0
1375,treatment,0
1376,control,0
1377,control,0
1378,treatment,0
1379,treatment,0
1380,treatment,0
1381,treatment,0
1382,treatment,0
1383,treatment,0
1384,treatment,0
1385,control,0
1386,treatment,0
1387,control,0
1388,treatment,0
1389,treatment,0
1390,treatment,0
1391,control,0
1392,treatment,0
1393,treatment,1
1394,control,0
1395,treatment,0
1396,control,0
1397,control,0
1398,treatment,0
1399,treatment,0
1400,treatment,0
1401,control,0
1402,treatment,0
1403,control,0
1404,control,0
1405,treatment,0
1406,control,0
1407,control,0
1408,treatment,0
1409,treatment,0
1410,treatment,0
1411,treatment,0
1412,treatment,0
1413,control,0
1414,control,0
1415,treatment,0
1416,treatment,0
1417,treatment,0
1418,control,0
1419,treatment,0
1420,control,0
1421,treatment,0
1422,treatment,0
1423,control,0
1424,control,0
1425,treatment,0
1426,treatment,0
1427,control,0
1428,treatment,0
1429,control,0
1430,treatment,0
1431,treatment,0
1432,control,0
1433,treatment,0
1434,control,0
1435,control,0
1436,control,0
1437,control,1
1438,treatment,0
1439,treatment,0
1440,control,0
1441,treatment,0
1442,control,0
1443,control,0
1444,treatment,0
1445,treatment,0
1446,treatment,0
1447,treatment,0
1448,control,0
1449,control,0
1450,treatment,0
1451,control,0
1452,treatment,0
1453,control,0
1454,treatment,0
1455,treatment,0
1456,control,0
1457,control,0
1458,treatment,0
1459,treatment,0
1460,control,0
1461,control,0
1462,treatment,0
1463,control,0
1464,treatment,0
1465,treatment,0
1466,treatment,0
1467,control,0
1468,treatment,0
1469,control,0
1470,control,0
1471,control,0
1472,treatment,0
1473,control,0
1474,control,0
1475,control,0
1476,control,0
1477,control,0
1478,control,0
1479,treatment,1
1480,control,0
1481,control,0
1482,control,0
1483,control,0
1484,control,0
1485,treatment,0
1486,treatment,0
1487,treatment,0
1488,control,0
1489,treatment,0
1490,treatment,0
1491,treatment,0
1492,control,0
1493,control,0
1494,treatment,0
1495,treatment,0
1496,treatment,0
1497,control,0
1498,control,0
1499,treatment,0
1500,control,0
1501,treatment,0
1502,treatment,0
1503,control,0
1504,control,0
1505,treatment,0
1506,treatment,1
1507,control,0
1508,treatment,0
1509,control,0
1510,treatment,0
1511,control,0
1512,control,0
1513,treatment,0
1514,treatment,0
1515,control,0
1516,control,0
1517,control,0
1518,control,0
1519,treatment,1
1520,treatment,0
1521,control,0
1522,control,0
1523,control,0
1524,treatment,0
1525,treatment,0
1526,treatment,0
1527,control,0
1528,control,0
1529,treatment,0
1530,control,0
1531,treatment,0
1532,control,0
1533,control,0
1534,control,0
1535,control,0
1536,control,0
1537,treatment,0
1538,treatment,0
1539,control,0
1540,treatment,0
1541,control,0
1542,treatment,0
1543,treatment,0
1544,treatment,0
1545,treatment,0
1546,control,0
1547,control,0
1548,control,0
1549,control,0
1550,treatment,0
1551,control,0
1552,treatment,0
1553,treatment,0
1554,treatment,0
1555,control,0
1556,treatment,0
1557,control,0
1558,control,0
1559,control,0
1560,treatment,0
1561,control,1
1562,treatment,0
1563,treatment,0
1564,treatment,0
1565,treatment,0
1566,treatment,0
1567,treatment,0
1568,treatment,1
1569,control,0
1570,control,0
1571,treatment,0
1572,treatment,0
1573,control,0
1574,treatment,0
1575,treatment,0
1576,control,0
1577,control,0
1578,treatment,0
1579,control,0
1580,treatment,0
1581,treatment,0
1582,control,0
1583,treatment,1
1584,control,0
1585,control,0
1586,treatment,0
1587,treatment,0
1588,control,0
1589,control,0
1590,control,0
1591,control,0
1592,control,0
1593,treatment,0
1594,control,0
1595,control,0
1596,control,0
1597,control,0
1598,control,0
1599,treatment,0
1600,control,0
1601,treatment,0
1602,treatment,0
1603,control,0
1604,treatment,0
1605,control,0
1606,treatment,0
1607,treatment,0
1608,treatment,0
1609,treatment,0
1610,control,0
1611,control,0
1612,treatment,0
1613,treatment,0
1614,control,0
1615,control,0
1616,control,0
1617,treatment,0
1618,treatment,0
1619,treatment,0
1620,treatment,0
1621,treatment,0
1622,treatment,0
1623,treatment,0
1624,control,0
1625,treatment,1
1626,treatment,0
1627,control,0
1628,control,0
1629,control,0
1630,treatment,0
1631,control,0
1632,treatment,0
1633,control,0
1634,control,0
1635,treatment,0
1636,control,0
1637,control,0
1638,control,0
1639,treatment,0
1640,control,0
1641,treatment,0
1642,control,0
1643,control,0
1644,treatment,0
1645,treatment,0
1646,control,0
1647,treatment,0
1648,control,0
1649,treatment,0
1650,treatment,0
1651,treatment,0
1652,treatment,0
1653,control,0
1654,control,0
1655,control,0
1656,control,1
1657,control,0
1658,treatment,0
1659,control,0
1660,treatment,0
1661,control,0
1662,control,0
1663,treatment,0
1664,treatment,0
1665,control,0
1666,treatment,0
1667,treatment,0
1668,treatment,0
1669,control,0
1670,treatment,0
1671,treatment,0
1672,control,0
1673,control,0
1674,control,0
1675,control,0
1676,control,0
1677,treatment,0
1678,treatment,0
1679,control,0
1680,control,0
1681,control,1
1682,control,1
1683,treatment,0
1684,treatment,0
1685,control,0
1686,treatment,0
1687,control,0
1688,control,0
1689,control,0
1690,treatment,0
1691,control,0
1692,control,0
1693,treatment,0
1694,control,0
1695,treatment,0
1696,control,0
1697,control,0
1698,control,0
1699,control,0
1700,control,0
1701,control,0
1702,control,0
1703,treatment,0
1704,control,0
1705,control,0
1706,treatment,0
1707,control,0
1708,control,0
1709,control,1
1710,control,0
1711,treatment,0
1712,control,0
1713,treatment,0
1714,treatment,0
1715,control,0
1716,treatment,0
1717,treatment,0
1718,treatment,0
1719,control,0
1720,treatment,0
1721,control,0
1722,control,0
1723,control,0
1724,treatment,0
1725,treatment,0
1726,control,1
1727,treatment,0
1728,treatment,1
1729,treatment,0
1730,treatment,0
1731,treatment,0
1732,control,0
1733,treatment,0
1734,control,0
1735,treatment,0
1736,treatment,0
1737,control,0
1738,control,0
1739,treatment,0
1740,control,0
1741,control,0
1742,treatment,0
1743,treatment,0
1744,control,0
1745,treatment,0
1746,control,0
1747,treatment,0
1748,control,0
1749,control,0
1750,treatment,0
1751,control,0
1752,treatment,0
1753,treatment,0
1754,control,0
1755,treatment,0
1756,treatment,0
1757,control,0
1758,control,0
1759,treatment,0
1760,treatment,0
1761,treatment,0
1762,control,0
1763,control,0
1764,treatment,0
1765,control,0
1766,control,0
1767,control,0
1768,treatment,0
1769,treatment,0
1770,control,0
1771,treatment,0
1772,treatment,1
1773,control,0
1774,control,0
1775,treatment,0
1776,treatment,0
1777,treatment,0
1778,control,0
1779,control,0
1780,treatment,0
1781,control,0
1782,treatment,0
1783,treatment,0
1784,control,0
1785,control,0
1786,control,0
1787,control,0
1788,treatment,0
1789,treatment,0
1790,control,0
1791,treatment,0
1792,treatment,0
1793,treatment,0
1794,control,0
1795,control,0
1796,treatment,0
1797,control,0
1798,treatment,0
1799,control,0
1800,treatment,0
1801,treatment,0
1802,treatment,0
1803,control,0
1804,treatment,0
1805,treatment,0
1806,treatment,1
1807,treatment,0
1808,control,0
1809,treatment,0
1810,treatment,1
1811,control,0
1812,control,0
1813,control,0
1814,control,0
1815,treatment,0
1816,treatment,0
1817,control,0
1818,control,0
1819,control,0
1820,control,0
1821,control,0
1822,control,0
1823,control,0
1824,treatment,0
1825,control,0
1826,treatment,0
1827,control,0
1828,control,0
1829,control,0
1830,treatment,0
1831,control,0
1832,treatment,0
1833,control,0
1834,control,0
1835,control,0
1836,control,0
1837,control,0
1838,control,0
1839,treatment,0
1840,treatment,0
1841,control,1
1842,control,0
1843,control,0
1844,treatment,0
1845,control,0
1846,treatment,0
1847,control,0
1848,control,0
1849,control,0
1850,control,0
1851,treatment,0
1852,control,0
1853,control,0
1854,control,0
1855,control,0
1856,control,0
1857,control,0
1858,treatment,0
1859,control,0
1860,control,0
1861,treatment,0
1862,control,0
1863,treatment,0
1864,control,0
1865,control,0
1866,control,0
1867,treatment,0
1868,treatment,0
1869,control,0
1870,control,0
1871,control,0
1872,treatment,0
1873,control,0
1874,treatment,0
1875,treatment,0
1876,control,0
1877,treatment,0
1878,treatment,0
1879,control,0
1880,control,0
1881,treatment,0
1882,control,0
1883,treatment,0
1884,treatment,0
1885,treatment,0
1886,treatment,0
1887,control,0
1888,treatment,0
1889,control,0
1890,treatment,0
1891,treatment,0
1892,treatment,0
1893,treatment,0
1894,treatment,0
1895,treatment,0
1896,control,1
1897,treatment,0
1898,control,0
1899,control,0
1900,treatment,0
1901,treatment,0
1902,control,0
1903,control,0
1904,control,1
1905,treatment,0
1906,treatment,0
1907,control,0
1908,treatment,0
1909,control,0
1910,control,0
1911,treatment,0
1912,control,0
1913,treatment,0
1914,treatment,0
1915,control,0
1916,treatment,0
1917,control,0
1918,control,0
1919,control,0
1920,control,0
1921,control,0
1922,treatment,0
1923,treatment,0
1924,treatment,0
1925,control,0
1926,control,0
1927,treatment,0
1928,treatment,0
1929,treatment,0
1930,control,0
1931,control,0
1932,control,0
1933,control,0
1934,control,0
1935,treatment,0
1936,control,0
1937,control,0
1938,control,0
1939,control,1
1940,treatment,0
1941,treatment,0
1942,control,0
1943,treatment,0
1944,control,0
1945,control,0
1946,treatment,0
1947,treatment,0
1948,control,0
1949,control,0
1950,control,0
1951,control,0
1952,control,0
1953,treatment,0
1954,control,0
1955,treatment,0
1956,treatment,0
1957,control,0
1958,treatment,0
1959,treatment,0
1960,control,0
1961,treatment,0
1962,treatment,0
1963,control,0
1964,control,0
1965,treatment,0
1966,control,0
1967,control,0
1968,control,0
1969,treatment,1
1970,treatment,0
1971,treatment,0
1972,control,0
1973,control,0
1974,control,0
1975,treatment,0
1976,treatment,0
1977,control,0
1978,treatment,0
1979,control,0
1980,control,0
1981,treatment,0
1982,control,0
1983,control,0
1984,control,0
1985,treatment,0
1986,control,0
1987,treatment,0
1988,treatment,0
1989,treatment,0
1990,control,0
1991,control,0
1992,treatment,0
1993,treatment,1
1994,treatment,0
1995,treatment,0
1996,treatment,0
1997,treatment,0
1998,treatment,0
1999,treatment,0
2000,control,0
2001,treatment,1
2002,treatment,0
2003,control,0
2004,treatment,1
2005,treatment,0
2006,control,0
2007,treatment,0
2008,control,0
2009,treatment,0
2010,treatment,0
2011,control,0
2012,treatment,0
2013,treatment,0
2014,control,0
2015,treatment,0
2016,control,0
2017,treatment,0
2018,treatment,0
2019,control,0
2020,control,0
2021,treatment,0
2022,treatment,1
2023,treatment,0
2024,control,0
2025,control,0
2026,control,0
2027,treatment,0
2028,control,0
2029,treatment,0
2030,control,0
2031,control,0
2032,treatment,0
2033,control,0
2034,control,0
2035,control,0
2036,treatment,0
2037,control,0
2038,treatment,0
2039,treatment,0
2040,control,0
2041,treatment,0
2042,control,0
2043,treatment,0
2044,treatment,0
2045,treatment,0
2046,treatment,0
2047,treatment,0
2048,control,0
2049,treatment,0
2050,control,0
2051,treatment,1
2052,control,0
2053,treatment,0
2054,treatment,0
2055,control,0
2056,control,1
2057,control,0
2058,treatment,0
2059,control,0
2060,control,0
2061,treatment,0
2062,treatment,0
2063,treatment,0
2064,treatment,0
2065,treatment,0
2066,control,0
2067,control,0
2068,control,0
2069,treatment,0
2070,treatment,0
2071,treatment,0
2072,treatment,0
2073,control,0
2074,treatment,0
2075,treatment,0
2076,treatment,0
2077,control,0
2078,control,0
2079,treatment,0
2080,treatment,1
2081,treatment,0
2082,control,0
2083,control,0
2084,control,0
2085,control,0
2086,control,1
2087,treatment,0
2088,treatment,0
2089,control,0
2090,control,0
2091,treatment,0
2092,treatment,0
2093,treatment,0
2094,treatment,0
2095,control,0
2096,control,0
2097,control,0
2098,control,0
2099,treatment,0
2100,control,0
2101,treatment,0
2102,treatment,0
2103,control,0
2104,control,0
2105,treatment,0
2106,control,0
2107,treatment,0
2108,treatment,0
2109,treatment,0
2110,treatment,0
2111,control,0
2112,control,0
2113,treatment,0
2114,control,0
2115,treatment,0
2116,control,0
2117,treatment,0
2118,treatment,0
2119,control,0
2120,treatment,0
2121,control,0
2122,treatment,0
2123,treatment,0
2124,treatment,0
2125,treatment,0
2126,treatment,1
2127,treatment,0
2128,control,0
2129,treatment,0
2130,control,1
2131,control,0
2132,treatment,0
2133,treatment,0
2134,control,0
2135,control,0
2136,control,0
2137,control,0
2138,treatment,0
2139,control,0
2140,control,0
2141,control,0
2142,control,0
2143,treatment,0
2144,treatment,0
2145,treatment,0
2146,control,0
2147,treatment,1
2148,control,0
2149,control,0
2150,control,0
2151,control,0
2152,control,0
2153,control,0
2154,treatment,0
2155,control,0
2156,treatment,0
2157,treatment,0
2158,treatment,0
2159,treatment,0
2160,treatment,0
2161,control,0
2162,control,1
2163,control,0
2164,control,0
2165,treatment,0
2166,control,0
2167,control,0
2168,control,0
2169,treatment,0
2170,treatment,0
2171,control,0
2172,treatment,0
2173,treatment,1
2174,control,0
2175,treatment,1
2176,treatment,0
2177,control,0
2178,treatment,0
2179,treatment,0
2180,treatment,1
2181,treatment,0
2182,control,1
2183,treatment,0
2184,treatment,0
2185,treatment,0
2186,treatment,0
2187,control,0
2188,control,0
2189,treatment,0
2190,control,0
2191,control,0
2192,control,0
2193,control,0
2194,control,0
2195,treatment,0
2196,treatment,0
2197,control,0
2198,control,0
2199,control,0
2200,treatment,0
2201,control,0
2202,control,0
2203,control,0
2204,control,0
2205,treatment,0
2206,treatment,0
2207,control,0
2208,control,0
2209,control,0
2210,treatment,0
2211,treatment,0
2212,treatment,0
2213,treatment,0
2214,treatment,0
2215,treatment,0
2216,treatment,0
2217,treatment,0
2218,treatment,0
2219,treatment,0
2220,control,0
2221,control,0
2222,treatment,0
2223,treatment,0
2224,treatment,0
2225,control,0
2226,control,0
2227,control,0
2228,treatment,0
2229,control,0
2230,control,0
2231,control,0
2232,control,0
2233,control,0
2234,treatment,0
2235,treatment,0
2236,treatment,0
2237,treatment,0
2238,control,0
2239,control,0
2240,control,0
2241,treatment,0
2242,treatment,0
2243,control,0
2244,treatment,0
2245,treatment,0
2246,treatment,0
2247,treatment,0
2248,control,0
2249,treatment,0
2250,control,0
2251,control,0
2252,control,0
2253,control,0
2254,treatment,0
2255,treatment,0
2256,treatment,1
2257,treatment,0
2258,control,0
2259,control,0
2260,treatment,0
2261,control,0
2262,treatment,1
2263,treatment,0
2264,control,0
2265,control,0
2266,treatment,0
2267,treatment,1
2268,control,0
2269,control,0
2270,control,0
2271,treatment,0
2272,treatment,0
2273,treatment,0
2274,control,0
2275,control,0
2276,control,0
2277,treatment,0
2278,control,0
2279,control,0
2280,treatment,0
2281,treatment,1
2282,treatment,0
2283,treatment,0
2284,treatment,0
2285,control,0
2286,control,0
2287,control,0
2288,treatment,0
2289,control,0
2290,treatment,0
2291,control,0
2292,treatment,1
2293,control,0
2294,treatment,0
2295,control,0
2296,control,0
2297,control,0
2298,treatment,0
2299,treatment,0
2300,treatment,0
2301,treatment,0
2302,control,0
2303,control,0
2304,treatment,0
2305,control,0
2306,control,0
2307,treatment,0
2308,control,0
2309,control,0
2310,control,0
2311,control,0
2312,treatment,0
2313,control,0
2314,treatment,0
2315,treatment,0
2316,treatment,0
2317,treatment,0
2318,treatment,0
2319,treatment,1
2320,treatment,0
2321,control,0
2322,treatment,0
2323,control,0
2324,control,0
2325,control,0
2326,control,0
2327,treatment,0
2328,control,0
2329,treatment,0
2330,treatment,0
2331,treatment,0
2332,treatment,0
2333,treatment,0
2334,treatment,0
2335,control,0
2336,treatment,0
2337,treatment,0
2338,treatment,0
2339,treatment,0
2340,treatment,0
2341,control,0
2342,control,0
2343,control,0
2344,treatment,0
2345,treatment,0
2346,control,0
2347,control,0
2348,control,0
2349,control,0
2350,treatment,0
2351,treatment,0
2352,control,0
2353,treatment,0
2354,control,0
2355,control,0
2356,treatment,1
2357,treatment,0
2358,control,0
2359,treatment,0
2360,treatment,0
2361,treatment,0
2362,control,0
2363,treatment,0
2364,control,0
2365,treatment,0
2366,control,0
2367,treatment,0
2368,treatment,0
2369,treatment,0
2370,control,0
2371,control,0
2372,treatment,0
2373,treatment,0
2374,control,0
2375,control,0
2376,treatment,0
2377,control,0
2378,treatment,0
2379,treatment,0
2380,control,0
2381,treatment,0
2382,control,0
2383,control,0
2384,treatment,0
2385,control,0
2386,treatment,0
2387,control,0
2388,treatment,0
2389,control,0
2390,control,0
2391,control,0
2392,treatment,0
2393,control,0
2394,treatment,0
2395,treatment,1
2396,control,0
2397,control,0
2398,treatment,0
2399,control,0
2400,control,0
2401,control,0
2402,treatment,0
2403,treatment,0
2404,treatment,0
2405,control,1
2406,control,0
2407,control,0
2408,control,0
2409,treatment,0
2410,treatment,0
2411,treatment,0
2412,control,0
2413,treatment,0
2414,control,0
2415,treatment,0
2416,control,0
2417,treatment,0
2418,treatment,0
2419,control,0
2420,treatment,0
2421,control,0
2422,control,1
2423,control,0
2424,treatment,0
2425,treatment,0
2426,control,0
2427,control,0
2428,control,0
2429,treatment,0
2430,control,0
2431,control,0
2432,treatment,0
2433,treatment,0
2434,control,0
2435,control,0
2436,control,0
2437,control,0
2438,treatment,0
2439,control,0
2440,control,0
2441,control,0
2442,treatment,0
2443,treatment,0
2444,treatment,0
2445,control,0
2446,treatment,0
2447,treatment,0
2448,treatment,0
2449,treatment,0
2450,treatment,0
2451,control,0
2452,control,0
2453,control,0
2454,control,0
2455,control,1
2456,control,0
2457,treatment,0
2458,treatment,0
2459,control,0
2460,treatment,0
2461,treatment,0
2462,treatment,0
2463,control,0
2464,control,0
2465,control,0
2466,control,0
2467,treatment,0
2468,treatment,0
2469,control,0
2470,treatment,1
2471,control,0
2472,treatment,0
2473,treatment,0
2474,treatment,0
2475,treatment,0
2476,control,0
2477,control,0
2478,control,0
2479,control,0
2480,treatment,0
2481,treatment,0
2482,control,0
2483,control,0
2484,treatment,0
2485,treatment,0
2486,treatment,0
2487,control,0
2488,control,0
2489,treatment,0
2490,control,0
2491,control,0
2492,treatment,0
2493,control,0
2494,control,0
2495,control,0
2496,control,0
2497,control,0
2498,control,0
2499,control,0
2500,treatment,0
2501,control,0
2502,control,0
2503,control,0
2504,treatment,0
2505,treatment,0
2506,control,0
2507,control,0
2508,control,0
2509,treatment,0
2510,treatment,0
2511,treatment,0
2512,control,0
2513,treatment,0
2514,treatment,0
2515,treatment,0
2516,control,0
2517,control,0
2518,treatment,0
2519,control,0
2520,treatment,0
2521,control,0
2522,control,0
2523,treatment,0
2524,treatment,0
2525,treatment,0
2526,control,0
2527,treatment,0
2528,control,0
2529,treatment,1
2530,treatment,0
2531,control,0
2532,control,0
2533,treatment,0
2534,control,0
2535,treatment,0
2536,treatment,0
2537,control,0
2538,treatment,0
2539,control,0
2540,control,0
2541,treatment,0
2542,treatment,0
2543,control,0
2544,control,0
2545,treatment,0
2546,control,0
2547,control,0
2548,control,1
2549,treatment,0
2550,treatment,0
2551,treatment,0
2552,treatment,1
2553,control,0
2554,control,0
2555,control,0
2556,treatment,0
2557,control,0
2558,control,0
2559,treatment,0
2560,control,0
2561,control,0
2562,treatment,0
2563,control,1
2564,control,0
2565,treatment,0
2566,treatment,0
2567,treatment,0
2568,control,0
2569,control,0
2570,control,0
2571,treatment,0
2572,control,0
2573,control,0
2574,treatment,0
2575,control,0
2576,control,0
2577,treatment,0
2578,control,0
2579,treatment,0
2580,control,0
2581,control,0
2582,treatment,0
2583,treatment,0
2584,control,0
2585,control,0
2586,treatment,0
2587,control,0
2588,control,0
2589,treatment,0
2590,treatment,0
2591,control,0
2592,treatment,0
2593,treatment,0
2594,control,0
2595,control,0
2596,control,0
2597,control,0
2598,control,0
2599,control,0
2600,control,0
2601,treatment,0
2602,treatment,0
2603,treatment,0
2604,treatment,0
2605,treatment,0
2606,treatment,0
2607,treatment,0
2608,control,0
2609,treatment,0
2610,control,0
2611,control,0
2612,treatment,0
2613,treatment,0
2614,control,0
2615,control,0
2616,treatment,0
2617,treatment,0
2618,control,0
2619,treatment,0
2620,control,1
2621,control,0
2622,treatment,0
2623,control,0
2624,treatment,0
2625,control,0
2626,treatment,0
2627,treatment,0
2628,control,0
2629,control,0
2630,control,0
2631,treatment,0
2632,control,0
2633,control,0
2634,control,0
2635,treatment,1
2636,control,0
2637,control,0
2638,control,1
2639,treatment,0
2640,treatment,0
2641,control,0
2642,treatment,0
2643,control,0
2644,treatment,0
2645,treatment,0
2646,control,0
2647,control,0
2648,control,0
2649,control,0
2650,control,0
2651,treatment,0
2652,treatment,0
2653,control,0
2654,treatment,1
2655,control,0
2656,treatment,0
2657,treatment,0
2658,treatment,0
2659,treatment,0
2660,treatment,0
2661,control,0
2662,control,0
2663,control,0
2664,control,0
2665,treatment,0
2666,treatment,0
2667,treatment,0
2668,control,0
2669,treatment,0
2670,control,0
2671,control,0
2672,treatment,0
2673,control,0
2674,treatment,0
2675,treatment,0
2676,treatment,0
2677,treatment,0
2678,treatment,0
2679,treatment,0
2680,control,0
2681,treatment,0
2682,control,0
2683,treatment,0
2684,treatment,0
2685,treatment,0
2686,treatment,0
2687,treatment,0
2688,treatment,0
2689,treatment,0
2690,treatment,0
2691,treatment,0
2692,control,0
2693,control,0
2694,control,0
2695,control,0
2696,treatment,0
2697,treatment,0
2698,treatment,0
2699,control,0
2700,treatment,0
2701,control,1
2702,treatment,0
2703,treatment,0
2704,treatment,0
2705,control,0
2706,treatment,0
2707,control,0
2708,treatment,0
2709,control,0
2710,control,0
2711,treatment,0
2712,treatment,0
2713,treatment,0
2714,control,0
2715,treatment,0
2716,treatment,0
2717,treatment,0
2718,control,0
2719,treatment,0
2720,control,1
2721,control,1
2722,control,0
2723,treatment,0
2724,treatment,0
2725,treatment,0
2726,control,0
2727,control,0
2728,treatment,0
2729,treatment,0
2730,control,0
2731,treatment,0
2732,control,0
2733,treatment,1
2734,treatment,0
2735,treatment,0
2736,control,0
2737,control,0
2738,control,0
2739,treatment,0
2740,control,1
2741,treatment,0
2742,treatment,0
2743,control,0
2744,control,0
2745,treatment,0
2746,treatment,0
2747,treatment,0
2748,control,0
2749,control,0
2750,treatment,0
2751,treatment,0
2752,control,0
2753,treatment,0
2754,treatment,0
2755,treatment,0
2756,treatment,0
2757,treatment,0
2758,control,0
2759,treatment,0
2760,treatment,0
2761,control,0
2762,control,0
2763,treatment,0
2764,control,0
2765,control,1
2766,control,0
2767,control,0
2768,treatment,0
2769,treatment,0
2770,treatment,0
2771,control,0
2772,control,0
2773,treatment,0
2774,control,0
2775,control,0
2776,control,1
2777,control,0
2778,control,0
2779,control,0
2780,control,0
2781,treatment,0
2782,treatment,0
2783,treatment,0
2784,treatment,0
2785,treatment,1
2786,treatment,0
2787,treatment,0
2788,treatment,0
2789,treatment,0
2790,treatment,0
2791,control,0
2792,treatment,0
2793,treatment,0
2794,treatment,0
2795,treatment,0
2796,treatment,0
2797,control,0
2798,treatment,0
2799,treatment,0
2800,treatment,0
2801,treatment,0
2802,treatment,0
2803,treatment,0
2804,treatment,0
2805,control,0
2806,treatment,0
2807,control,0
2808,treatment,0
2809,treatment,0
2810,control,0
2811,treatment,0
2812,control,0
2813,treatment,0
2814,control,0
2815,control,0
2816,control,1
2817,treatment,0
2818,control,0
2819,treatment,0
2820,treatment,0
2821,control,0
2822,treatment,0
2823,treatment,0
2824,treatment,0
2825,treatment,0
2826,treatment,0
2827,treatment,0
2828,treatment,0
2829,control,0
2830,control,0
2831,treatment,0
2832,treatment,0
2833,treatment,0
2834,control,0
2835,control,0
2836,control,0
2837,control,0
2838,treatment,0
2839,treatment,0
2840,control,0
2841,control,0
2842,treatment,0
2843,treatment,0
2844,treatment,0
2845,control,0
2846,treatment,0
2847,treatment,0
2848,treatment,0
2849,treatment,0
2850,control,0
2851,treatment,0
2852,control,0
2853,treatment,0
2854,treatment,0
2855,treatment,0
2856,control,0
2857,control,0
2858,control,0
2859,treatment,0
2860,control,0
2861,treatment,1
2862,control,0
2863,control,0
2864,control,0
2865,treatment,0
2866,treatment,1
2867,treatment,0
2868,treatment,0
2869,control,0
2870,control,0
2871,treatment,0
2872,control,0
2873,control,0
2874,treatment,0
2875,treatment,0
2876,control,1
2877,treatment,0
2878,treatment,0
2879,treatment,0
2880,control,0
2881,treatment,0
2882,control,0
2883,control,0
2884,control,0
2885,treatment,0
2886,control,0
2887,treatment,0
2888,control,0
2889,control,0
2890,control,0
2891,treatment,0
2892,treatment,0
2893,control,0
2894,control,0
2895,control,0
2896,control,0
2897,treatment,0
2898,control,0
2899,treatment,0
2900,control,0
2901,control,0
2902,treatment,0
2903,control,0
2904,treatment,0
2905,treatment,0
2906,control,0
2907,control,0
2908,treatment,0
2909,treatment,0
2910,treatment,0
2911,control,0
2912,control,0
2913,control,0
2914,treatment,0
2915,treatment,0
2916,treatment,0
2917,treatment,0
2918,control,0
2919,treatment,0
2920,treatment,0
2921,treatment,0
2922,treatment,0
2923,treatment,0
2924,treatment,0
2925,control,0
2926,control,0
2927,treatment,0
2928,treatment,0
2929,control,0
2930,treatment,0
2931,control,0
2932,control,0
2933,treatment,0
2934,control,0
2935,control,0
2936,treatment,0
2937,control,0
2938,control,0
2939,control,0
2940,treatment,1
2941,control,0
2942,treatment,0
2943,control,0
2944,control,0
2945,control,0
2946,control,0
2947,treatment,0
2948,control,0
2949,treatment,0
2950,control,0
2951,control,0
2952,treatment,0
2953,control,0
2954,treatment,0
2955,control,0
2956,treatment,0
2957,control,0
2958,control,0
2959,treatment,0
2960,treatment,0
2961,treatment,0
2962,treatment,0
2963,treatment,0
2964,control,0
2965,control,0
2966,treatment,0
2967,control,0
2968,treatment,0
2969,control,0
2970,treatment,0
2971,treatment,0
2972,control,0
2973,control,0
2974,control,0
2975,control,0
2976,control,0
2977,control,0
2978,control,0
2979,treatment,0
2980,treatment,0
2981,control,0
2982,control,0
2983,control,0
2984,treatment,0
2985,treatment,0
2986,control,0
2987,treatment,0
2988,treatment,0
2989,control,0
2990,treatment,0
2991,treatment,0
2992,treatment,0
2993,control,0
2994,treatment,0
2995,treatment,0
2996,control,0
2997,control,0
2998,treatment,0
2999,treatment,0
3000,control,0
3001,treatment,0
3002,control,0
3003,control,0
3004,control,0
3005,treatment,0
3006,control,1
3007,treatment,0
3008,control,0
3009,control,0
3010,control,0
3011,control,0
3012,control,0
3013,treatment,0
3014,treatment,0
3015,control,0
3016,control,0
3017,control,0
3018,control,0
3019,control,0
3020,treatment,0
3021,treatment,0
3022,treatment,0
3023,control,0
3024,control,0
3025,control,0
3026,control,0
3027,treatment,0
3028,control,0
3029,control,1
3030,control,0
3031,treatment,0
3032,control,0
3033,control,1
3034,treatment,0
3035,treatment,0
3036,treatment,0
3037,treatment,1
3038,control,0
3039,treatment,0
3040,control,0
3041,control,0
3042,control,0
3043,treatment,0
3044,treatment,0
3045,control,0
3046,treatment,0
3047,control,0
3048,treatment,0
3049,control,0
3050,treatment,0
3051,treatment,0
3052,control,0
3053,control,0
3054,control,0
3055,treatment,0
3056,treatment,0
3057,treatment,0
3058,control,0
3059,treatment,0
3060,treatment,0
3061,treatment,0
3062,control,0
3063,control,0
3064,treatment,0
3065,control,0
3066,treatment,0
3067,treatment,0
3068,treatment,0
3069,treatment,0
3070,control,1
3071,control,1
3072,treatment,0
3073,treatment,0
3074,treatment,0
3075,control,0
3076,treatment,0
3077,treatment,0
3078,control,0
3079,treatment,0
3080,control,0
3081,control,1
3082,control,0
3083,treatment,0
3084,control,0
3085,treatment,0
3086,control,0
3087,control,0
3088,treatment,0
3089,treatment,0
3090,treatment,0
3091,control,0
3092,treatment,0
3093,treatment,0
3094,treatment,0
3095,control,0
3096,treatment,0
3097,control,0
3098,treatment,0
3099,treatment,0
3100,control,0
3101,treatment,0
3102,treatment,0
3103,control,0
3104,control,0
3105,control,0
3106,treatment,0
3107,control,0
3108,control,0
3109,treatment,0
3110,control,0
3111,treatment,0
3112,control,0
3113,control,0
3114,treatment,0
3115,control,0
3116,treatment,0
3117,control,0
3118,control,0
3119,control,0
3120,control,0
3121,treatment,0
3122,control,0
3123,treatment,0
3124,control,0
3125,treatment,0
3126,treatment,0
3127,treatment,0
3128,control,0
3129,treatment,0
3130,treatment,0
3131,treatment,0
3132,control,0
3133,control,0
3134,treatment,0
3135,control,0
3136,treatment,0
3137,control,0
3138,treatment,0
3139,treatment,0
3140,control,0
3141,control,0
3142,control,0
3143,treatment,0
3144,control,0
3145,treatment,0
3146,treatment,0
3147,control,0
3148,treatment,1
3149,control,0
3150,control,0
3151,treatment,0
3152,treatment,0
3153,treatment,0
3154,control,0
3155,control,0
3156,control,0
3157,treatment,0
3158,treatment,0
3159,control,0
3160,treatment,0
3161,control,0
3162,treatment,0
3163,control,0
3164,treatment,0
3165,control,0
3166,control,0
3167,treatment,0
3168,treatment,0
3169,treatment,0
3170,control,0
3171,control,0
3172,control,0
3173,treatment,0
3174,treatment,0
3175,control,0
3176,treatment,1
3177,control,0
3178,control,0
3179,control,0
3180,control,0
3181,control,0
3182,control,0
3183,treatment,0
3184,treatment,0
3185,control,0
3186,treatment,0
3187,control,0
3188,treatment,0
3189,treatment,0
3190,treatment,0
3191,control,0
3192,control,0
3193,treatment,0
3194,treatment,0
3195,control,0
3196,control,0
3197,treatment,0
3198,control,0
3199,control,0
3200,control,0
3201,treatment,0
3202,treatment,0
3203,treatment,0
3204,control,1
3205,treatment,0
3206,treatment,0
3207,control,0
3208,control,0
3209,treatment,0
3210,control,0
3211,control,0
3212,treatment,0
3213,treatment,0
3214,control,0
3215,treatment,0
3216,control,0
3217,control,0
3218,control,1
3219,control,0
3220,treatment,0
3221,treatment,0
3222,treatment,0
3223,control,0
3224,control,0
3225,control,0
3226,treatment,0
3227,control,0
3228,control,0
3229,control,0
3230,control,0
3231,control,0
3232,treatment,0
3233,treatment,1
3234,control,0
3235,treatment,0
3236,treatment,0
3237,control,1
3238,treatment,0
3239,treatment,0
3240,treatment,0
3241,control,0
3242,treatment,0
3243,control,0
3244,control,0
3245,treatment,0
3246,treatment,0
3247,control,0
3248,control,1
3249,control,0
3250,treatment,0
3251,treatment,0
3252,control,0
3253,control,0
3254,control,0
3255,control,0
3256,control,0
3257,treatment,0
3258,control,0
3259,treatment,0
3260,control,0
3261,treatment,0
3262,treatment,0
3263,treatment,0
3264,treatment,0
3265,control,1
3266,control,0
3267,control,0
3268,control,0
3269,treatment,0
3270,control,0
3271,control,0
3272,treatment,0
3273,control,0
3274,control,0
3275,treatment,0
3276,treatment,0
3277,control,0
3278,treatment,0
3279,control,0
3280,treatment,0
3281,treatment,0
3282,control,0
3283,treatment,0
3284,control,0
3285,treatment,0
3286,treatment,0
3287,treatment,0
3288,control,0
3289,control,0
3290,control,0
3291,control,0
3292,control,0
3293,control,0
3294,treatment,0
3295,treatment,0
3296,control,0
3297,treatment,0
3298,control,0
3299,control,0
3300,treatment,0
3301,treatment,0
3302,treatment,0
3303,treatment,0
3304,treatment,0
3305,control,0
3306,control,0
3307,control,0
3308,treatment,0
3309,control,0
3310,treatment,0
3311,control,0
3312,control,0
3313,treatment,0
3314,control,0
3315,control,0
3316,treatment,0
3317,treatment,0
3318,treatment,0
3319,treatment,0
3320,control,0
3321,treatment,0
3322,treatment,0
3323,control,0
3324,control,0
3325,control,0
3326,treatment,0
3327,treatment,0
3328,control,0
3329,control,0
3330,control,0
3331,control,0
3332,control,0
3333,control,0
3334,control,0
3335,control,0
3336,control,0
3337,treatment,0
3338,treatment,0
3339,treatment,0
3340,control,0
3341,treatment,0
3342,treatment,0
3343,treatment,0
3344,control,0
3345,treatment,0
3346,treatment,0
3347,control,0
3348,control,0
3349,treatment,0
3350,treatment,0
3351,control,0
3352,treatment,0
3353,treatment,0
3354,control,0
3355,control,0
3356,treatment,1
3357,treatment,0
3358,control,0
3359,treatment,0
3360,treatment,0
3361,control,0
3362,control,0
3363,treatment,0
3364,control,0
3365,treatment,0
3366,treatment,0
3367,treatment,0
3368,control,0
3369,treatment,0
3370,control,0
3371,control,0
3372,control,0
3373,control,0
3374,control,0
3375,control,0
3376,treatment,0
3377,treatment,0
3378,treatment,0
3379,control,0
3380,treatment,0
3381,control,1
3382,control,0
3383,control,0
3384,control,0
3385,control,0
3386,control,0
3387,treatment,0
3388,treatment,1
3389,treatment,0
3390,control,0
3391,treatment,0
3392,treatment,0
3393,treatment,0
3394,treatment,0
3395,control,0
3396,control,0
3397,treatment,0
3398,control,0
3399,treatment,0
3400,control,0
3401,control,0
3402,treatment,0
3403,control,0
3404,control,0
3405,treatment,0
3406,treatment,0
3407,control,0
3408,treatment,0
3409,treatment,0
3410,control,0
3411,treatment,1
3412,control,0
3413,control,0
3414,control,0
3415,control,0
3416,control,0
3417,control,0
3418,treatment,0
3419,treatment,1
3420,control,0
3421,treatment,0
3422,control,0
3423,control,0
3424,treatment,0
3425,control,0
3426,treatment,0
3427,control,0
3428,treatment,0
3429,control,0
3430,control,0
3431,treatment,0
3432,control,0
3433,control,0
3434,control,0
3435,control,0
3436,control,0
3437,treatment,0
3438,control,0
3439,control,0
3440,treatment,0
3441,treatment,0
3442,control,1
3443,control,0
3444,treatment,0
3445,treatment,0
3446,treatment,0
3447,control,0
3448,control,0
3449,control,0
3450,treatment,0
3451,control,1
3452,control,0
3453,control,0
3454,treatment,0
3455,treatment,0
3456,treatment,1
3457,control,0
3458,control,0
3459,treatment,0
3460,treatment,1
3461,treatment,0
3462,treatment,0
3463,control,0
3464,treatment,0
3465,control,0
3466,treatment,1
3467,treatment,0
3468,treatment,0
3469,treatment,0
3470,control,0
3471,control,0
3472,control,0
3473,control,0
3474,treatment,0
3475,control,0
3476,treatment,0
3477,control,0
3478,treatment,0
3479,treatment,0
3480,control,0
3481,control,0
3482,control,0
3483,treatment,0
3484,treatment,0
3485,control,0
3486,treatment,0
3487,control,0
3488,control,0
3489,treatment,0
3490,treatment,0
3491,control,0
3492,control,0
3493,control,0
3494,treatment,0
3495,control,0
3496,control,0
3497,treatment,0
3498,treatment,0
3499,treatment,0
3500,treatment,0
3501,control,0
3502,control,0
3503,control,0
3504,control,0
3505,control,0
3506,control,0
3507,treatment,0
3508,treatment,0
3509,treatment,0
3510,treatment,0
3511,control,0
3512,treatment,0
3513,control,0
3514,treatment,0
3515,treatment,0
3516,treatment,0
3517,control,0
3518,treatment,0
3519,control,0
3520,control,0
3521,treatment,0
3522,control,0
3523,control,0
3524,control,0
3525,treatment,0
3526,control,0
3527,control,0
3528,control,0
3529,control,0
3530,treatment,0
3531,treatment,0
3532,treatment,0
3533,treatment,0
3534,control,0
3535,treatment,0
3536,control,0
3537,treatment,0
3538,control,0
3539,treatment,0
3540,control,0
3541,treatment,0
3542,control,1
3543,treatment,0
3544,control,0
3545,control,0
3546,treatment,0
3547,treatment,0
3548,control,0
3549,control,0
3550,control,0
3551,treatment,0
3552,control,0
3553,control,0
3554,treatment,0
3555,treatment,0
3556,control,0
3557,treatment,0
3558,treatment,0
3559,treatment,0
3560,control,0
3561,control,0
3562,treatment,0
3563,control,0
3564,control,0
3565,control,0
3566,treatment,1
3567,treatment,0
3568,treatment,0
3569,control,0
3570,control,0
3571,control,0
3572,treatment,1
3573,treatment,0
3574,control,0
3575,treatment,0
3576,treatment,0
3577,treatment,0
3578,control,0
3579,control,0
3580,treatment,0
3581,treatment,0
3582,control,0
3583,treatment,0
3584,control,1
3585,treatment,0
3586,control,0
3587,control,0
3588,treatment,0
3589,treatment,0
3590,control,0
3591,treatment,0
3592,treatment,0
3593,control,0
3594,control,0
3595,treatment,0
3596,treatment,0
3597,control,0
3598,treatment,0
3599,control,0
3600,treatment,0
3601,treatment,0
3602,treatment,0
3603,control,0
3604,treatment,0
3605,control,0
3606,treatment,0
3607,treatment,0
3608,control,0
3609,treatment,0
3610,control,0
3611,treatment,0
3612,treatment,0
3613,control,0
3614,control,0
3615,control,0
3616,control,0
3617,treatment,0
3618,treatment,0
3619,control,1
3620,control,0
3621,treatment,0
3622,treatment,0
3623,treatment,0
3624,control,0
3625,control,0
3626,control,1
3627,treatment,0
3628,treatment,1
3629,treatment,0
3630,control,0
3631,treatment,0
3632,control,0
3633,treatment,0
3634,control,0
3635,control,0
3636,treatment,0
3637,control,1
3638,control,1
3639,control,0
3640,control,0
3641,control,0
3642,control,0
3643,treatment,0
3644,control,0
3645,treatment,0
3646,control,0
3647,control,0
3648,control,1
3649,treatment,0
3650,treatment,1
3651,control,0
3652,treatment,0
3653,control,0
3654,treatment,0
3655,control,0
3656,treatment,0
3657,treatment,0
3658,treatment,0
3659,control,0
3660,treatment,0
3661,treatment,0
3662,control,0
3663,control,0
3664,treatment,0
3665,control,0
3666,treatment,0
3667,treatment,0
3668,control,0
3669,control,1
3670,control,0
3671,treatment,0
3672,treatment,0
3673,treatment,0
3674,treatment,0
3675,treatment,0
3676,control,0
3677,treatment,0
3678,treatment,0
3679,control,0
3680,treatment,0
3681,treatment,0
3682,control,0
3683,treatment,0
3684,treatment,0
3685,control,0
3686,control,0
3687,control,0
3688,control,0
3689,control,0
3690,treatment,1
3691,treatment,0
3692,treatment,0
3693,treatment,0
3694,treatment,0
3695,control,0
3696,control,0
3697,control,0
3698,treatment,0
3699,control,0
3700,control,0
3701,treatment,0
3702,control,0
3703,control,0
3704,treatment,0
3705,control,0
3706,control,0
3707,control,0
3708,treatment,0
3709,control,0
3710,control,0
3711,control,0
3712,treatment,0
3713,control,0
3714,treatment,0
3715,treatment,0
3716,treatment,1
3717,control,0
3718,control,0
3719,control,0
3720,control,0
3721,control,0
3722,control,0
3723,control,0
3724,treatment,0
3725,treatment,0
3726,control,0
3727,treatment,0
3728,treatment,0
3729,control,0
3730,control,1
3731,treatment,0
3732,treatment,1
3733,control,0
3734,control,0
3735,control,0
3736,control,0
3737,treatment,0
3738,treatment,0
3739,control,0
3740,treatment,0
3741,control,0
3742,treatment,0
3743,control,0
3744,control,0
3745,control,0
3746,control,0
3747,control,0
3748,treatment,0
3749,control,0
3750,control,0
3751,control,0
3752,control,0
3753,control,0
3754,treatment,0
3755,treatment,0
3756,treatment,0
3757,treatment,0
3758,control,0
3759,treatment,0
3760,treatment,0
3761,control,0
3762,control,0
3763,control,0
3764,treatment,0
3765,treatment,0
3766,treatment,0
3767,control,0
3768,treatment,0
3769,control,0
3770,control,0
3771,treatment,0
3772,control,0
3773,treatment,0
3774,treatment,0
3775,control,0
3776,treatment,0
3777,control,0
3778,treatment,0
3779,control,0
3780,treatment,0
3781,treatment,0
3782,control,0
3783,control,0
3784,treatment,0
3785,treatment,0
3786,treatment,0
3787,treatment,0
3788,treatment,0
3789,treatment,0
3790,treatment,0
3791,treatment,0
3792,control,0
3793,treatment,0
3794,control,0
3795,treatment,0
3796,control,0
3797,control,0
3798,control,0
3799,treatment,0
3800,control,0
3801,control,0
3802,treatment,1
3803,treatment,0
3804,treatment,0
3805,treatment,0
3806,treatment,0
3807,control,1
3808,control,0
3809,control,0
3810,treatment,0
3811,control,0
3812,control,0
3813,treatment,0
3814,control,0
3815,treatment,0
3816,treatment,0
3817,control,0
3818,treatment,0
3819,treatment,0
3820,control,0
3821,treatment,0
3822,control,0
3823,control,0
3824,control,0
3825,control,0
3826,control,0
3827,control,0
3828,treatment,0
3829,control,0
3830,treatment,0
3831,treatment,0
3832,control,0
3833,treatment,0
3834,treatment,0
3835,control,0
3836,treatment,0
3837,control,0
3838,control,0
3839,control,0
3840,treatment,1
3841,treatment,0
3842,treatment,0
3843,treatment,0
3844,control,0
3845,treatment,1
3846,treatment,0
3847,control,0
3848,control,0
3849,control,0
3850,control,0
3851,control,0
3852,control,0
3853,control,0
3854,control,0
3855,treatment,0
3856,control,0
3857,control,0
3858,treatment,0
3859,control,0
3860,treatment,0
3861,treatment,0
3862,control,0
3863,control,0
3864,treatment,0
3865,control,0
3866,control,0
3867,control,0
3868,treatment,0
3869,treatment,0
3870,treatment,0
3871,treatment,0
3872,control,0
3873,control,0
3874,control,0
3875,control,0
3876,treatment,0
3877,treatment,0
3878,treatment,0
3879,control,0
3880,treatment,0
3881,treatment,0
3882,treatment,0
3883,treatment,0
3884,control,0
3885,control,0
3886,control,0
3887,treatment,0
3888,control,0
3889,treatment,0
3890,control,0
3891,control,0
3892,treatment,0
3893,treatment,0
3894,control,0
3895,control,0
3896,control,0
3897,control,0
3898,treatment,0
3899,control,0
3900,control,0
3901,treatment,0
3902,treatment,0
3903,treatment,0
3904,control,0
3905,control,0
3906,treatment,0
3907,control,0
3908,control,0
3909,control,0
3910,control,0
3911,control,0
3912,control,0
3913,treatment,0
3914,control,0
3915,control,0
3916,control,0
3917,treatment,0
3918,treatment,0
3919,treatment,0
3920,treatment,1
3921,control,0
3922,control,0
3923,control,0
3924,control,0
3925,control,0
3926,control,0
3927,control,0
3928,treatment,0
3929,control,0
3930,control,0
3931,control,0
3932,treatment,0
3933,treatment,0
3934,treatment,0
3935,control,0
3936,control,0
3937,treatment,1
3938,treatment,0
3939,control,0
3940,treatment,0
3941,control,0
3942,treatment,0
3943,treatment,0
3944,control,0
3945,treatment,0
3946,control,0
3947,treatment,0
3948,treatment,0
3949,treatment,0
3950,treatment,0
3951,control,0
3952,control,0
3953,control,0
3954,treatment,0
3955,treatment,1
3956,control,0
3957,treatment,0
3958,treatment,1
3959,treatment,0
3960,treatment,1
3961,treatment,0
3962,treatment,0
3963,treatment,0
3964,treatment,0
3965,treatment,0
3966,treatment,0
3967,control,0
3968,treatment,0
3969,control,0
3970,control,0
3971,treatment,0
3972,treatment,0
3973,treatment,0
3974,treatment,0
3975,control,0
3976,treatment,0
3977,control,1
3978,treatment,0
3979,control,0
3980,control,1
3981,treatment,0
3982,control,0
3983,treatment,0
3984,treatment,0
3985,control,0
3986,control,0
3987,treatment,0
3988,control,0
3989,control,0
3990,control,0
3991,treatment,0
3992,treatment,0
3993,control,0
3994,control,0
3995,control,1
3996,treatment,1
3997,treatment,0
3998,treatment,0
3999,treatment,0
4000,treatment,0
4001,treatment,0
4002,control,0
4003,treatment,0
4004,control,0
4005,control,0
4006,control,1
4007,treatment,0
4008,control,0
4009,control,0
4010,treatment,1
4011,treatment,0
4012,treatment,1
4013,treatment,0
4014,treatment,0
4015,treatment,0
4016,control,0
4017,treatment,0
4018,control,0
4019,treatment,0
4020,control,1
4021,treatment,0
4022,treatment,0
4023,control,0
4024,control,0
4025,control,0
4026,control,0
4027,control,0
4028,control,0
4029,control,0
4030,treatment,1
4031,treatment,0
4032,treatment,0
4033,treatment,0
4034,control,1
4035,control,0
4036,treatment,0
4037,treatment,0
4038,treatment,0
4039,control,0
4040,control,0
4041,treatment,0
4042,control,0
4043,control,0
4044,treatment,0
4045,control,0
4046,control,0
4047,treatment,0
4048,control,0
4049,control,0
4050,treatment,0
4051,control,0
4052,treatment,0
4053,control,0
4054,treatment,1
4055,treatment,0
4056,treatment,0
4057,treatment,0
4058,treatment,0
4059,control,0
4060,treatment,0
4061,treatment,0
4062,treatment,0
4063,control,0
4064,treatment,0
4065,treatment,0
4066,control,0
4067,control,0
4068,control,0
4069,control,0
4070,control,0
4071,control,0
4072,control,0
4073,treatment,0
4074,treatment,0
4075,control,0
4076,control,0
4077,treatment,0
4078,control,0
4079,treatment,0
4080,treatment,0
4081,treatment,0
4082,control,1
4083,treatment,0
4084,treatment,0
4085,control,0
4086,control,0
4087,treatment,0
4088,control,0
4089,control,0
4090,control,0
4091,treatment,0
4092,control,0
4093,treatment,0
4094,control,0
4095,treatment,0
4096,control,0
4097,control,0
4098,treatment,0
4099,control,0
4100,control,0
4101,control,0
4102,treatment,0
4103,control,0
4104,control,0
4105,control,0
4106,treatment,0
4107,treatment,0
4108,control,0
4109,treatment,0
4110,treatment,0
4111,control,0
4112,control,0
4113,control,0
4114,control,0
4115,control,0
4116,control,0
4117,treatment,0
4118,treatment,0
4119,treatment,0
4120,treatment,0
4121,control,0
4122,treatment,0
4123,treatment,1
4124,control,0
4125,treatment,0
4126,treatment,0
4127,control,0
4128,treatment,1
4129,treatment,0
4130,treatment,0
4131,control,0
4132,control,0
4133,treatment,0
4134,treatment,0
4135,control,0
4136,control,0
4137,treatment,0
4138,control,0
4139,control,0
4140,control,0
4141,control,0
4142,treatment,0
4143,treatment,0
4144,control,0
4145,treatment,0
4146,control,0
4147,control,0
4148,treatment,0
4149,treatment,0
4150,treatment,0
4151,treatment,0
4152,treatment,0
4153,control,0
4154,treatment,0
4155,treatment,0
4156,control,0
4157,control,0
4158,treatment,0
4159,treatment,0
4160,control,0
4161,treatment,0
4162,treatment,0
4163,control,0
4164,treatment,0
4165,treatment,0
4166,control,0
4167,treatment,0
4168,treatment,0
4169,control,0
4170,control,0
4171,control,0
4172,treatment,1
4173,treatment,0
4174,control,0
4175,control,0
4176,treatment,0
4177,treatment,0
4178,treatment,0
4179,control,0
4180,treatment,0
4181,control,0
4182,treatment,0
4183,control,0
4184,control,0
4185,control,0
4186,treatment,0
4187,treatment,0
4188,treatment,0
4189,treatment,0
4190,treatment,0
4191,treatment,0
4192,control,0
4193,control,0
4194,control,0
4195,control,0
4196,treatment,0
4197,treatment,1
4198,control,0
4199,control,0
4200,control,0
4201,control,0
4202,control,0
4203,treatment,1
4204,treatment,0
4205,control,0
4206,control,0
4207,control,0
4208,treatment,0
4209,control,0
4210,control,0
4211,control,0
4212,control,0
4213,control,0
4214,treatment,0
4215,treatment,0
4216,control,0
4217,treatment,1
4218,control,0
4219,control,0
4220,control,0
4221,treatment,0
4222,treatment,0
4223,control,0
4224,treatment,0
4225,treatment,0
4226,treatment,0
4227,treatment,0
4228,treatment,0
4229,treatment,0
4230,treatment,0
4231,control,0
4232,control,0
4233,treatment,0
4234,control,0
4235,control,0
4236,treatment,0
4237,control,0
4238,treatment,0
4239,control,0
4240,control,0
4241,treatment,0
4242,treatment,0
4243,control,0
4244,treatment,0
4245,treatment,0
4246,treatment,0
4247,treatment,0
4248,treatment,0
4249,treatment,0
4250,control,0
4251,control,0
4252,control,1
4253,control,0
4254,control,0
4255,treatment,0
4256,control,0
4257,control,0
4258,control,0
4259,treatment,0
4260,control,1
4261,control,1
4262,control,0
4263,control,0
4264,control,0
4265,treatment,0
4266,control,0
4267,treatment,0
4268,control,0
4269,treatment,0
4270,control,0
4271,treatment,0
4272,control,1
4273,treatment,0
4274,control,0
4275,control,0
4276,treatment,1
4277,treatment,0
4278,control,0
4279,control,0
4280,control,0
4281,treatment,0
4282,treatment,0
4283,treatment,0
4284,treatment,0
4285,treatment,1
4286,treatment,0
4287,control,0
4288,control,0
4289,treatment,0
4290,control,0
4291,treatment,0
4292,treatment,0
4293,control,0
4294,treatment,0
4295,treatment,0
4296,treatment,0
4297,treatment,1
4298,treatment,0
4299,control,0
4300,control,0
4301,treatment,0
4302,treatment,0
4303,treatment,0
4304,treatment,0
4305,treatment,0
4306,control,0
4307,control,0
4308,treatment,0
4309,control,0
4310,treatment,0
4311,control,0
4312,treatment,0
4313,treatment,0
4314,control,0
4315,treatment,0
4316,treatment,0
4317,control,0
4318,treatment,0
4319,treatment,0
4320,control,0
4321,control,0
4322,control,1
4323,treatment,0
4324,treatment,0
4325,control,0
4326,control,0
4327,control,1
4328,control,0
4329,control,0
4330,control,0
4331,control,0
4332,treatment,0
4333,treatment,0
4334,control,0
4335,control,0
4336,treatment,0
4337,treatment,0
4338,treatment,0
4339,treatment,0
4340,control,0
4341,control,0
4342,control,0
4343,control,0
4344,control,0
4345,treatment,1
4346,control,0
4347,control,0
4348,treatment,0
4349,control,0
4350,treatment,0
4351,treatment,0
4352,treatment,0
4353,treatment,0
4354,control,0
4355,control,0
4356,treatment,0
4357,treatment,0
4358,control,0
4359,control,0
4360,treatment,1
4361,control,0
4362,treatment,0
4363,control,0
4364,treatment,1
4365,treatment,0
4366,treatment,0
4367,treatment,0
4368,control,0
4369,control,0
4370,control,0
4371,control,0
4372,control,0
4373,control,0
4374,treatment,0
4375,treatment,0
4376,control,0
4377,control,0
4378,control,0
4379,treatment,0
4380,treatment,1
4381,treatment,0
4382,treatment,0
4383,control,0
4384,treatment,0
4385,control,0
4386,treatment,0
4387,treatment,0
4388,control,0
4389,treatment,0
4390,treatment,0
4391,treatment,0
4392,treatment,0
4393,treatment,0
4394,treatment,0
4395,treatment,0
4396,control,0
4397,control,0
4398,control,0
4399,treatment,0
4400,control,0
4401,treatment,0
4402,treatment,0
4403,control,0
4404,control,0
4405,control,0
4406,control,0
4407,control,0
4408,treatment,0
4409,treatment,0
4410,control,0
4411,control,0
4412,control,0
4413,control,0
4414,treatment,0
4415,treatment,1
4416,control,0
4417,treatment,0
4418,treatment,0
4419,control,0
4420,treatment,0
4421,treatment,0
4422,treatment,0
4423,control,0
4424,treatment,0
4425,control,0
4426,treatment,0
4427,treatment,0
4428,control,0
4429,treatment,0
4430,treatment,1
4431,treatment,0
4432,treatment,0
4433,control,0
4434,treatment,0
4435,control,0
4436,treatment,0
4437,treatment,0
4438,control,0
4439,control,0
4440,control,0
4441,treatment,0
4442,control,0
4443,control,0
4444,control,0
4445,control,0
4446,control,0
4447,control,0
4448,treatment,1
4449,control,0
4450,control,0
4451,control,0
4452,control,0
4453,control,0
4454,treatment,0
4455,control,0
4456,control,0
4457,control,0
4458,control,0
4459,treatment,0
4460,treatment,0
4461,treatment,0
4462,control,0
4463,treatment,0
4464,control,0
4465,treatment,0
4466,treatment,1
4467,control,0
4468,treatment,0
4469,treatment,0
4470,control,0
4471,treatment,1
4472,treatment,0
4473,treatment,0
4474,control,0
4475,control,0
4476,control,0
4477,treatment,0
4478,control,0
4479,control,0
4480,control,0
4481,control,0
4482,treatment,0
4483,treatment,0
4484,control,1
4485,control,0
4486,treatment,0
4487,treatment,0
4488,treatment,0
4489,treatment,0
4490,treatment,0
4491,treatment,0
4492,treatment,0
4493,control,0
4494,control,0
4495,treatment,0
4496,control,0
4497,control,0
4498,treatment,0
4499,treatment,0
4500,control,0
4501,treatment,0
4502,treatment,0
4503,control,0
4504,control,0
4505,treatment,0
4506,treatment,0
4507,control,0
4508,treatment,0
4509,treatment,0
4510,treatment,0
4511,treatment,0
4512,treatment,0
4513,treatment,0
4514,treatment,0
4515,control,0
4516,treatment,0
4517,treatment,0
4518,treatment,0
4519,treatment,0
4520,treatment,0
4521,control,0
4522,treatment,0
4523,treatment,0
4524,control,0
4525,control,0
4526,treatment,0
4527,control,0
4528,treatment,0
4529,treatment,0
4530,treatment,0
4531,control,0
4532,treatment,0
4533,treatment,0
4534,treatment,0
4535,control,0
4536,treatment,0
4537,treatment,0
4538,control,0
4539,treatment,0
4540,control,0
4541,treatment,0
4542,treatment,0
4543,treatment,0
4544,treatment,0
4545,treatment,1
4546,treatment,0
4547,control,0
4548,treatment,0
4549,treatment,0
4550,treatment,0
4551,control,0
4552,treatment,0
4553,treatment,0
4554,treatment,0
4555,control,0
4556,treatment,0
4557,treatment,0
4558,treatment,0
4559,control,0
4560,treatment,0
4561,control,0
4562,treatment,0
4563,control,0
4564,control,0
4565,treatment,0
4566,control,0
4567,control,0
4568,treatment,0
4569,treatment,0
4570,control,0
4571,control,0
4572,control,0
4573,treatment,0
4574,control,0
4575,treatment,0
4576,treatment,0
4577,treatment,0
4578,treatment,0
4579,treatment,0
4580,treatment,0
4581,control,0
4582,treatment,0
4583,treatment,0
4584,treatment,0
4585,treatment,0
4586,treatment,0
4587,treatment,0
4588,control,0
4589,control,0
4590,control,0
4591,control,0
4592,control,0
4593,control,0
4594,treatment,0
4595,control,0
4596,treatment,0
4597,treatment,0
4598,treatment,0
4599,control,0
4600,control,0
4601,control,0
4602,treatment,0
4603,treatment,0
4604,control,0
4605,control,0
4606,control,0
4607,treatment,0
4608,control,0
4609,treatment,0
4610,control,0
4611,treatment,0
4612,control,0
4613,treatment,0
4614,treatment,0
4615,treatment,0
4616,control,0
4617,treatment,1
4618,control,0
4619,control,0
4620,treatment,0
4621,control,0
4622,control,0
4623,control,0
4624,treatment,0
4625,control,0
4626,treatment,0
4627,treatment,0
4628,control,0
4629,control,0
4630,control,0
4631,treatment,0
4632,control,0
4633,control,0
4634,treatment,0
4635,treatment,0
4636,treatment,0
4637,treatment,0
4638,control,0
4639,treatment,0
4640,treatment,0
4641,treatment,0
4642,control,0
4643,treatment,0
4644,control,0
4645,treatment,0
4646,treatment,0
4647,treatment,0
4648,control,0
4649,control,0
4650,treatment,0
4651,treatment,0
4652,treatment,0
4653,control,0
4654,treatment,0
4655,treatment,0
4656,control,0
4657,treatment,0
4658,control,0
4659,treatment,1
4660,control,0
4661,treatment,0
4662,control,0
4663,control,0
4664,treatment,0
4665,treatment,0
4666,control,0
4667,control,0
4668,treatment,0
4669,treatment,0
4670,treatment,0
4671,control,0
4672,control,0
4673,control,0
4674,control,0
4675,treatment,0
4676,treatment,0
4677,treatment,0
4678,treatment,0
4679,treatment,0
4680,control,0
4681,treatment,0
4682,control,0
4683,control,0
4684,treatment,0
4685,treatment,0
4686,control,0
4687,treatment,0
4688,control,0
4689,control,0
4690,treatment,0
4691,treatment,0
4692,treatment,0
4693,treatment,0
4694,treatment,0
4695,treatment,0
4696,treatment,0
4697,control,0
4698,control,0
4699,control,0
4700,treatment,0
4701,control,0
4702,control,0
4703,control,0
4704,treatment,0
4705,treatment,0
4706,control,0
4707,control,0
4708,control,0
4709,control,0
4710,control,0
4711,treatment,0
4712,control,0
4713,control,1
4714,treatment,0
4715,treatment,0
4716,treatment,0
4717,treatment,0
4718,control,0
4719,treatment,0
4720,treatment,0
4721,control,0
4722,control,0
4723,control,0
4724,control,0
4725,control,0
4726,control,0
4727,control,0
4728,treatment,0
4729,treatment,0
4730,treatment,0
4731,control,0
4732,control,0
4733,treatment,1
4734,treatment,0
4735,treatment,1
4736,treatment,0
4737,treatment,0
4738,control,0
4739,control,0
4740,control,0
4741,control,0
4742,control,0
4743,control,0
4744,control,0
4745,treatment,0
4746,treatment,0
4747,treatment,0
4748,treatment,0
4749,control,0
4750,control,0
4751,control,1
4752,treatment,0
4753,control,0
4754,control,0
4755,treatment,1
4756,treatment,0
4757,control,0
4758,control,0
4759,control,0
4760,treatment,0
4761,treatment,0
4762,control,0
4763,control,0
4764,control,0
4765,treatment,0
4766,control,0
4767,control,0
4768,control,0
4769,control,0
4770,control,0
4771,treatment,0
4772,treatment,0
4773,treatment,0
4774,treatment,0
4775,control,0
4776,treatment,0
4777,treatment,0
4778,control,0
4779,control,0
4780,control,0
4781,treatment,0
4782,treatment,0
4783,control,0
4784,control,0
4785,control,0
4786,control,0
4787,control,0
4788,control,0
4789,treatment,0
4790,control,0
4791,control,0
4792,treatment,0
4793,treatment,0
4794,treatment,0
4795,control,0
4796,treatment,0
4797,treatment,0
4798,control,0
4799,control,0
4800,treatment,0
4801,treatment,0
4802,control,0
4803,treatment,0
4804,control,0
4805,treatment,0
4806,treatment,0
4807,treatment,0
4808,control,0
4809,treatment,0
4810,control,0
4811,treatment,0
4812,treatment,0
4813,control,0
4814,control,0
4815,control,1
4816,control,0
4817,control,0
4818,treatment,0
4819,control,0
4820,control,0
4821,control,0
4822,treatment,0
4823,treatment,0
4824,treatment,0
4825,control,0
4826,control,0
4827,control,0
4828,control,0
4829,treatment,0
4830,treatment,0
4831,treatment,0
4832,control,0
4833,control,0
4834,control,0
4835,control,0
4836,treatment,0
4837,treatment,1
4838,control,0
4839,control,0
4840,control,0
4841,treatment,0
4842,treatment,1
4843,treatment,0
4844,control,0
4845,treatment,0
4846,treatment,0
4847,control,0
4848,control,0
4849,treatment,0
4850,treatment,0
4851,control,0
4852,control,0
4853,treatment,0
4854,treatment,0
4855,control,1
4856,treatment,0
4857,treatment,1
4858,control,0
4859,treatment,0
4860,control,0
4861,treatment,0
4862,treatment,0
4863,treatment,0
4864,treatment,0
4865,control,0
4866,treatment,0
4867,treatment,0
4868,treatment,0
4869,control,0
4870,control,0
4871,treatment,0
4872,treatment,0
4873,control,0
4874,control,0
4875,treatment,0
4876,treatment,0
4877,treatment,0
4878,control,0
4879,treatment,0
4880,treatment,0
4881,treatment,0
4882,treatment,0
4883,control,0
4884,treatment,0
4885,treatment,0
4886,treatment,0
4887,treatment,0
4888,treatment,0
4889,control,0
4890,treatment,0
4891,control,0
4892,control,0
4893,control,1
4894,control,0
4895,control,0
4896,treatment,0
4897,control,0
4898,control,0
4899,control,0
4900,control,0
4901,treatment,0
4902,treatment,0
4903,treatment,0
4904,control,0
4905,control,1
4906,treatment,0
4907,treatment,0
4908,treatment,0
4909,control,0
4910,control,0
4911,treatment,0
4912,treatment,0
4913,control,0
4914,control,0
4915,control,0
4916,treatment,0
4917,control,0
4918,treatment,0
4919,control,0
4920,treatment,0
4921,treatment,1
4922,control,0
4923,control,0
4924,control,0
4925,treatment,0
4926,control,0
4927,control,0
4928,control,0
4929,control,0
4930,treatment,0
4931,control,0
4932,treatment,0
4933,control,0
4934,control,0
4935,treatment,0
4936,treatment,0
4937,treatment,0
4938,treatment,0
4939,control,0
4940,control,0
4941,treatment,0
4942,control,0
4943,treatment,0
4944,control,0
4945,control,0
4946,control,0
4947,control,0
4948,control,0
4949,control,0
4950,control,0
4951,treatment,0
4952,treatment,0
4953,treatment,0
4954,control,0
4955,control,0
4956,control,0
4957,control,0
4958,control,0
4959,control,0
4960,control,0
4961,control,0
4962,control,0
4963,treatment,0
4964,treatment,0
4965,treatment,0
4966,control,0
4967,control,0
4968,treatment,0
4969,treatment,0
4970,control,0
4971,treatment,0
4972,control,0
4973,treatment,0
4974,control,0
4975,control,1
4976,control,0
4977,treatment,0
4978,treatment,0
4979,treatment,0
4980,control,0
4981,treatment,0
4982,control,0
4983,control,0
4984,treatment,0
4985,treatment,0
4986,control,0
4987,treatment,0
4988,control,0
4989,treatment,0
4990,treatment,0
4991,control,0
4992,treatment,0
4993,control,0
4994,treatment,1
4995,treatment,0
4996,treatment,0
4997,treatment,0
4998,treatment,0
4999,treatment,1
5000,control,0
